Date,Campaign,Ad Views,Ad Clicks,Ad Conversions,Cost per Ad,Click-Through Rate (CTR),Conversion Rate,Cost per Click (CPC)
2019-01-01,Facebook,7770,364,78,342.57530769945265,0.04684684684684685,0.21428571428571427,0.9411409552182766
2019-01-02,Facebook,1360,119,32,214.11376225578763,0.0875,0.2689075630252101,1.7992753130738457
2019-01-03,Facebook,5890,841,364,302.3047373015813,0.14278438030560273,0.4328180737217598,0.35945866504349744
2019-01-04,Facebook,5691,206,18,266.4778477298389,0.03619750483219118,0.08737864077669903,1.2935817850963054
2019-01-05,Facebook,6234,219,90,448.24926043547646,0.03512993262752647,0.410958904109589,2.0468002759610795
2019-01-06,Facebook,6765,1313,98,288.61930968570505,0.19408721359940873,0.07463823305407463,0.21981668673701832
2019-01-07,Facebook,966,140,60,248.46447278667273,0.14492753623188406,0.42857142857142855,1.7747462341905196
2019-01-08,Facebook,4926,87,6,232.01845235683282,0.01766138855054811,0.06896551724137931,2.6668787627222166
2019-01-09,Facebook,6078,521,30,307.59249174505953,0.08571898650871998,0.05758157389635317,0.5903886597793849
2019-01-10,Facebook,8822,814,295,411.78964073040396,0.09226932668329177,0.36240786240786244,0.5058840795213808
2019-01-11,Facebook,2185,330,164,292.2806706713544,0.15102974828375287,0.49696969696969695,0.8856990020344073
2019-01-12,Facebook,1269,73,33,347.74482878624366,0.05752561071710008,0.4520547945205479,4.763627791592379
2019-01-13,Facebook,7449,335,103,382.03509510793623,0.04497247952745335,0.3074626865671642,1.140403268978914
2019-01-14,Facebook,2933,74,34,284.07564944542935,0.02523013978861234,0.4594594594594595,3.8388601276409373
2019-01-15,Facebook,5811,531,27,242.06767549468896,0.09137842023748063,0.05084745762711865,0.45587132861523344
2019-01-16,Facebook,5551,781,381,444.49942003810224,0.14069537020356693,0.4878361075544174,0.5691413828912961
2019-01-17,Facebook,6920,145,39,237.87773781255146,0.020953757225433526,0.2689655172413793,1.6405361228451825
2019-01-18,Facebook,1684,309,115,257.8742827590144,0.1834916864608076,0.37216828478964403,0.834544604398105
2019-01-19,Facebook,5055,475,199,495.6535910037997,0.09396636993076163,0.4189473684210526,1.0434812442185257
2019-01-20,Facebook,3885,215,80,50.10688560914806,0.055341055341055344,0.37209302325581395,0.23305528190301422
2019-01-21,Facebook,6896,191,55,133.4628093095251,0.027697215777262182,0.2879581151832461,0.6987581639242153
2019-01-22,Facebook,9166,410,108,222.78375046387657,0.04473052585642592,0.2634146341463415,0.5433750011314062
2019-01-23,Facebook,9774,1833,783,469.6654592413638,0.18753836709637814,0.42716857610474634,0.2562277464491892
2019-01-24,Facebook,3058,401,57,81.51336758636197,0.13113145846958796,0.14214463840399003,0.2032752308886832
2019-01-25,Facebook,8349,903,438,54.268445132824134,0.10815666546891843,0.4850498338870432,0.060097945883526176
2019-01-26,Facebook,2547,343,126,73.70772618975286,0.13466823714173537,0.3673469387755102,0.21489132999927948
2019-01-27,Facebook,3247,301,42,89.84453477612817,0.09270095472744072,0.13953488372093023,0.2984868264987647
2019-01-28,Facebook,9667,1437,547,66.91854794281738,0.14865004655011896,0.38065414057063324,0.046568230997089344
2019-01-29,Facebook,689,13,3,265.90159708542717,0.018867924528301886,0.23076923076923078,20.45396900657132
2019-01-30,Facebook,3234,380,139,311.34074325229744,0.11750154607297464,0.36578947368421055,0.8193177454007827
2019-01-31,Facebook,3505,140,55,172.25913698105182,0.039942938659058486,0.39285714285714285,1.230422407007513
2019-02-01,Facebook,5158,169,15,229.22932278903602,0.03276463745637844,0.08875739644970414,1.3563865253789114
2019-02-02,Facebook,2399,179,49,91.26470080014356,0.07461442267611505,0.2737430167597765,0.5098586636879529
2019-02-03,Facebook,8234,225,105,201.36670872278992,0.02732572261355356,0.4666666666666667,0.8949631498790663
2019-02-04,Facebook,1767,49,9,285.1336362355354,0.027730616864742503,0.1836734693877551,5.819053800725212
2019-02-05,Facebook,2028,140,44,379.5223132330903,0.06903353057199212,0.3142857142857143,2.710873665950645
2019-02-06,Facebook,4056,795,171,51.50586291934065,0.19600591715976332,0.21509433962264152,0.06478724895514547
2019-02-07,Facebook,4390,190,48,260.28984494194367,0.04328018223234624,0.25263157894736843,1.3699465523260193
2019-02-08,Facebook,9338,123,36,183.65129440469698,0.013171985435853501,0.2926829268292683,1.4930999545097317
2019-02-09,Facebook,5893,913,271,433.7698197613556,0.15492957746478872,0.2968236582694414,0.4751038551603019
2019-02-10,Facebook,9292,1517,213,371.99899185540886,0.16325871717606544,0.14040870138431114,0.24522016602202298
2019-02-11,Facebook,8933,677,242,315.09884051190267,0.07578640994066943,0.35745937961595275,0.46543403325244115
2019-02-12,Facebook,8013,787,70,174.7695405635481,0.09821539997504056,0.08894536213468869,0.22207057250768503
2019-02-13,Facebook,3112,415,46,459.65259592589047,0.1333547557840617,0.1108433734939759,1.1075966166888926
2019-02-14,Facebook,7541,144,7,70.29530474914543,0.019095610661715952,0.04861111111111111,0.48816183853573214
2019-02-15,Facebook,6735,1281,131,99.26041940560182,0.19020044543429845,0.10226385636221702,0.0774866662026556
2019-02-16,Facebook,5986,1068,280,226.23356324316023,0.17841630471099232,0.26217228464419473,0.21182917906662943
2019-02-17,Facebook,7599,452,145,105.99690078358536,0.05948151072509541,0.32079646017699115,0.23450641766279948
2019-02-18,Facebook,1275,16,6,480.38706390174127,0.012549019607843137,0.375,30.02419149385883
2019-02-19,Facebook,8726,1634,160,409.09519496452253,0.18725647490258995,0.09791921664626684,0.25036425640423654
2019-02-20,Facebook,3652,384,166,166.54219322081616,0.10514786418400876,0.4322916666666667,0.43370362817920877
2019-02-21,Facebook,2085,234,90,314.8494030379604,0.11223021582733812,0.38461538461538464,1.3455102693929932
2019-02-22,Facebook,4443,621,145,492.04873178603674,0.13977042538825118,0.23349436392914655,0.7923490044863716
2019-02-23,Facebook,8055,1023,480,447.8895401591763,0.12700186219739293,0.46920821114369504,0.43781968735012344
2019-02-24,Facebook,3573,676,335,320.3593008989891,0.18919675342849146,0.49556213017751477,0.47390429127069394
2019-02-25,Facebook,1521,288,40,456.6757852288717,0.1893491124260355,0.1388888888888889,1.5856798098224711
2019-02-26,Facebook,4343,759,167,495.13320941601154,0.17476398802670964,0.22002635046113306,0.6523494195204368
2019-02-27,Facebook,8489,1111,518,384.50877030213087,0.13087525032394864,0.46624662466246625,0.34609250252217
2019-02-28,Facebook,7373,1195,447,79.24388426730232,0.1620778516207785,0.37405857740585774,0.06631287386385132
2019-03-01,Facebook,6175,856,61,230.71110639146934,0.1386234817813765,0.07126168224299065,0.26952232055078196
2019-03-02,Facebook,661,78,31,427.02158087746045,0.11800302571860817,0.3974358974358974,5.474635652275134
2019-03-03,Facebook,4797,165,69,153.75613811225855,0.03439649781113196,0.41818181818181815,0.9318553824985367
2019-03-04,Facebook,1495,245,94,423.78913298778104,0.16387959866220736,0.3836734693877551,1.7297515632154328
2019-03-05,Facebook,8129,1348,552,104.15244291574817,0.16582605486529708,0.4094955489614243,0.0772644235280031
2019-03-06,Facebook,9967,1285,541,71.12541071651586,0.12892545399819405,0.421011673151751,0.055350514176276934
2019-03-07,Facebook,1516,251,33,222.84077517106232,0.16556728232189974,0.13147410358565736,0.8878118532711646
2019-03-08,Facebook,8369,1119,174,66.52937184197613,0.13370773091169794,0.1554959785522788,0.059454309063428176
2019-03-09,Facebook,6939,341,114,480.77161834249654,0.04914252774174953,0.3343108504398827,1.409887443819638
2019-03-10,Facebook,8392,520,238,421.79256310728465,0.06196377502383222,0.4576923076923077,0.8111395444370859
2019-03-11,Facebook,7363,373,71,410.3463592084438,0.05065869889990493,0.1903485254691689,1.1001242874221013
2019-03-12,Facebook,8416,687,216,333.40006534826887,0.08163022813688213,0.314410480349345,0.48529849395672325
2019-03-13,Facebook,9029,157,56,147.3458103664491,0.017388415106877837,0.35668789808917195,0.9385083462831152
2019-03-14,Facebook,1378,175,44,283.2171650043765,0.1269956458635704,0.25142857142857145,1.6183838000250086
2019-03-15,Facebook,9768,722,268,318.77333259365344,0.07391482391482392,0.37119113573407203,0.44151431107154215
2019-03-16,Facebook,5387,725,329,286.26417538712064,0.13458325598663448,0.45379310344827584,0.394847138464994
2019-03-17,Facebook,5359,446,147,167.10501557818728,0.0832244821795111,0.3295964125560538,0.3746749228210477
2019-03-18,Facebook,6831,952,278,281.8615659416266,0.13936466110379153,0.2920168067226891,0.2960730734680952
2019-03-19,Facebook,9071,677,167,271.033853390882,0.07463344724947635,0.2466765140324963,0.40034542598357753
2019-03-20,Facebook,9184,546,169,498.35109911302595,0.05945121951219512,0.30952380952380953,0.9127309507564578
2019-03-21,Facebook,7708,803,168,453.84626662079177,0.10417747794499221,0.20921544209215442,0.5651883768627544
2019-03-22,Facebook,5776,818,185,258.52133669702897,0.14162049861495846,0.22616136919315402,0.31604075390834835
2019-03-23,Facebook,2562,195,56,330.3218223208034,0.07611241217798595,0.28717948717948716,1.693958063183607
2019-03-24,Facebook,564,106,8,386.54222184150285,0.1879432624113475,0.07547169811320754,3.6466247343538005
2019-03-25,Facebook,8506,148,22,65.68932210522121,0.017399482718081356,0.14864864864864866,0.4438467709812244
2019-03-26,Facebook,3068,274,80,452.71464855252793,0.08930899608865711,0.291970802919708,1.6522432428924376
2019-03-27,Facebook,5963,1155,282,437.0570673880657,0.1936944491028006,0.24415584415584415,0.37840438734897464
2019-03-28,Facebook,2527,288,57,255.8444439981683,0.11396913335971508,0.19791666666666666,0.8883487638825288
2019-03-29,Facebook,3195,289,109,226.02639473617091,0.09045383411580595,0.3771626297577855,0.7820982516822523
2019-03-30,Facebook,5758,679,245,172.83171868534174,0.11792288989232372,0.36082474226804123,0.25453861367502467
2019-03-31,Facebook,6118,730,91,264.50457274866574,0.11932003922850605,0.12465753424657534,0.36233503116255583
2019-04-01,Facebook,7236,1078,480,69.96949858995654,0.1489773355444997,0.4452690166975881,0.0649067704916109
2019-04-02,Facebook,891,30,8,433.4870900061535,0.03367003367003367,0.26666666666666666,14.449569666871783
2019-04-03,Facebook,6392,367,140,65.94006578834528,0.05741551939924906,0.3814713896457766,0.17967320378295717
2019-04-04,Facebook,4061,488,150,198.07311441644197,0.12016744644176311,0.3073770491803279,0.4058875295418893
2019-04-05,Facebook,6684,1168,582,469.21526974354543,0.17474566128067026,0.4982876712328767,0.40172540217769304
2019-04-06,Facebook,3599,420,163,380.8456945355537,0.11669908307863296,0.3880952380952381,0.9067754631798898
2019-04-07,Facebook,6778,375,138,176.62593225988707,0.05532605488344645,0.368,0.4710024860263655
2019-04-08,Facebook,8892,1237,495,163.69209228239828,0.13911381016644175,0.40016168148746967,0.13232990483621526
2019-04-09,Facebook,3604,542,62,52.28696291811168,0.15038845726970032,0.11439114391143912,0.09647041128802894
2019-04-10,Facebook,7715,426,60,363.07143178238755,0.05521710952689566,0.14084507042253522,0.8522803562966844
2019-04-11,Facebook,2954,241,89,71.9526117529279,0.08158429248476642,0.36929460580912865,0.29855855499140205
2019-04-12,Facebook,9496,1059,288,289.67113373034294,0.11152064026958719,0.2719546742209632,0.27353270418351555
2019-04-13,Facebook,3231,337,131,482.9548876664224,0.10430207366140513,0.3887240356083086,1.433100556873657
2019-04-14,Facebook,8654,727,70,99.26098702450425,0.08400739542408135,0.09628610729023383,0.13653505780537034
2019-04-15,Facebook,5556,369,107,452.5159689356303,0.066414686825054,0.2899728997289973,1.2263305391209494
2019-04-16,Facebook,8610,249,54,496.1639008152717,0.0289198606271777,0.21686746987951808,1.992626107691854
2019-04-17,Facebook,4340,87,22,77.68266180765578,0.020046082949308756,0.25287356321839083,0.8929041587086871
2019-04-18,Facebook,1528,293,94,447.3078211118576,0.19175392670157068,0.32081911262798635,1.5266478536240875
2019-04-19,Facebook,7885,1347,371,282.23555919962746,0.1708306911857958,0.27542687453600595,0.20952899717863954
2019-04-20,Facebook,1002,77,22,457.931173750061,0.07684630738522955,0.2857142857142857,5.947158100650143
2019-04-21,Facebook,7410,1421,382,307.09352386380834,0.19176788124156546,0.26882477128782545,0.21611085423209594
2019-04-22,Facebook,9562,1325,310,347.95040454795407,0.13856933695879523,0.2339622641509434,0.2626040789041163
2019-04-23,Facebook,7438,756,300,294.70050859882963,0.10164022586716859,0.3968253968253968,0.38981548756458945
2019-04-24,Facebook,4988,517,28,439.0217961383068,0.10364875701684041,0.05415860735009671,0.849171752685313
2019-04-25,Facebook,706,18,5,380.25946352916577,0.025495750708215296,0.2777777777777778,21.12552575162032
2019-04-26,Facebook,5634,154,46,284.5671404811867,0.027334043308484202,0.2987012987012987,1.8478385745531605
2019-04-27,Facebook,6477,806,300,440.6723618231961,0.12444032731202717,0.37220843672456577,0.5467399030064468
2019-04-28,Facebook,8221,947,302,160.37848951490054,0.11519279892957061,0.31890179514255546,0.16935426559123604
2019-04-29,Facebook,7535,379,159,120.80329686613669,0.050298606502986065,0.41952506596306066,0.3187422080900704
2019-04-30,Facebook,1984,376,181,122.18004739853244,0.18951612903225806,0.48138297872340424,0.324946934570565
2019-05-01,Facebook,8358,1324,270,200.30399543535705,0.15841110313472123,0.2039274924471299,0.15128700561582858
2019-05-02,Facebook,1363,43,6,157.41051408545786,0.03154805575935436,0.13953488372093023,3.660709629894369
2019-05-03,Facebook,3290,614,147,468.5406577293824,0.18662613981762918,0.23941368078175895,0.7630955337612092
2019-05-04,Facebook,7908,1542,276,97.6253422228628,0.19499241274658574,0.17898832684824903,0.06331085747267368
2019-05-05,Facebook,9255,1843,602,364.5458321178144,0.19913560237709346,0.32664134563212155,0.19780023446435943
2019-05-06,Facebook,5616,115,52,135.14969290325266,0.02047720797720798,0.45217391304347826,1.1752147208978492
2019-05-07,Facebook,6519,978,110,446.7367097466576,0.1500230096640589,0.11247443762781185,0.45678600178594847
2019-05-08,Facebook,2257,256,24,482.59187968320833,0.11342490031014621,0.09375,1.8851245300125326
2019-05-09,Facebook,8074,1163,192,259.4615039464926,0.14404260589546694,0.1650902837489252,0.22309673598150698
2019-05-10,Facebook,6874,1333,502,445.58216610265924,0.1939191155077102,0.3765941485371343,0.3342701921250257
2019-05-11,Facebook,7392,1040,329,52.31532683962165,0.1406926406926407,0.31634615384615383,0.05030319888425158
2019-05-12,Facebook,2178,368,35,418.97611283364506,0.1689623507805326,0.09510869565217392,1.1385220457436007
2019-05-13,Facebook,3742,653,302,152.88132268621558,0.17450561197220738,0.46248085758039814,0.2341214742514787
2019-05-14,Facebook,5136,869,352,458.9155891712155,0.16919781931464176,0.4050632911392405,0.5280961900704436
2019-05-15,Facebook,1559,141,8,50.50405016604927,0.09044259140474663,0.05673758865248227,0.358184752950704
2019-05-16,Facebook,7168,374,128,300.2817807678906,0.05217633928571429,0.3422459893048128,0.8028924619462315
2019-05-17,Facebook,3657,312,123,390.4861117032206,0.08531583264971287,0.3942307692307692,1.2515580503308352
2019-05-18,Facebook,6415,1151,251,166.4097488140586,0.179423226812159,0.21807124239791487,0.14457840904783545
2019-05-19,Facebook,3193,120,9,136.90978906428188,0.03758221108675227,0.075,1.1409149088690156
2019-05-20,Facebook,4127,443,37,87.8442010105931,0.107341894838866,0.0835214446952596,0.19829390747312212
2019-05-21,Facebook,5950,323,31,196.89510942648184,0.054285714285714284,0.09597523219814241,0.6095823821253308
2019-05-22,Facebook,2163,260,111,301.92994053897326,0.12020342117429496,0.4269230769230769,1.1612690020729741
2019-05-23,Facebook,6092,1059,486,102.12973555111594,0.17383453709783322,0.45892351274787535,0.09643978805582241
2019-05-24,Facebook,7892,1399,147,219.51291289405944,0.1772681196147998,0.10507505360972123,0.15690701422019973
2019-05-25,Facebook,1806,99,15,54.08258209372623,0.054817275747508304,0.15151515151515152,0.5462887080174367
2019-05-26,Facebook,7276,1327,165,418.4057392249288,0.18238042880703684,0.12434061793519216,0.31530198886580924
2019-05-27,Facebook,6364,779,104,107.80192314193611,0.12240729101194217,0.13350449293966624,0.13838501045177934
2019-05-28,Facebook,9974,763,325,177.5043267195117,0.07649889713254461,0.4259501965923984,0.2326400088066995
2019-05-29,Facebook,8026,1160,231,58.29247343219786,0.1445302766010466,0.19913793103448277,0.050252132269136086
2019-05-30,Facebook,9401,954,181,244.50835275163053,0.1014785661099883,0.18972746331236898,0.2562980636809544
2019-05-31,Facebook,6075,497,75,428.05467623354843,0.08181069958847736,0.15090543259557343,0.8612770145544234
2019-06-01,Facebook,6030,868,280,226.46804515033847,0.1439469320066335,0.3225806451612903,0.26090788611790144
2019-06-02,Facebook,4913,281,62,130.77379554072502,0.05719519641766741,0.2206405693950178,0.4653871727427937
2019-06-03,Facebook,4248,309,118,389.1644753227336,0.07274011299435028,0.3818770226537217,1.259431958973248
2019-06-04,Facebook,1163,107,15,404.9631418418349,0.09200343938091143,0.14018691588785046,3.7847022602040643
2019-06-05,Facebook,2498,145,58,128.18906388840506,0.05804643714971978,0.4,0.8840625095752073
2019-06-06,Facebook,8494,738,237,396.8843488434454,0.08688485990110667,0.32113821138211385,0.5377836705195738
2019-06-07,Facebook,1995,236,23,476.28404971535207,0.11829573934837093,0.09745762711864407,2.0181527530311527
2019-06-08,Facebook,3804,573,135,124.86991411952255,0.15063091482649843,0.2356020942408377,0.21792306129061526
2019-06-09,Facebook,4263,664,291,396.942931639461,0.15575885526624442,0.4382530120481928,0.5978056199389473
2019-06-10,Facebook,5732,953,443,368.85740207118323,0.1662595952547104,0.4648478488982162,0.3870486905259006
2019-06-11,Facebook,2353,356,92,263.10824979578985,0.15129621759456013,0.25842696629213485,0.7390681174039041
2019-06-12,Facebook,7085,987,262,76.06420725145924,0.13930839802399436,0.26545086119554206,0.07706606611090094
2019-06-13,Facebook,1791,98,45,83.6124879910343,0.05471803461753211,0.45918367346938777,0.8531886529697378
2019-06-14,Facebook,4081,351,110,433.5865966393915,0.08600833129135016,0.31339031339031337,1.2352894491150754
2019-06-15,Facebook,8054,811,52,495.56676773779117,0.1006953066799106,0.06411837237977805,0.6110564337087437
2019-06-16,Facebook,7780,200,92,354.2235157340395,0.02570694087403599,0.46,1.7711175786701974
2019-06-17,Facebook,2136,235,37,250.68123815464466,0.1100187265917603,0.1574468085106383,1.066728672998488
2019-06-18,Facebook,4196,389,120,341.4081395308584,0.0927073403241182,0.30848329048843187,0.8776558856834407
2019-06-19,Facebook,1198,194,24,317.4781366528454,0.16193656093489148,0.12371134020618557,1.6364852404785846
2019-06-20,Facebook,5237,1025,66,222.62551718252982,0.19572274202787857,0.06439024390243903,0.21719562651954127
2019-06-21,Facebook,1354,156,29,79.53176505830582,0.11521418020679468,0.1858974358974359,0.5098190067840117
2019-06-22,Facebook,8664,617,247,419.6808263333484,0.07121421975992613,0.40032414910858993,0.6801958287412454
2019-06-23,Facebook,6355,115,20,217.32508815742608,0.01809598741148702,0.17391304347826086,1.889783375281966
2019-06-24,Facebook,7892,1465,218,418.45353951069217,0.18563101875316776,0.14880546075085324,0.2856338153656602
2019-06-25,Facebook,7028,1297,188,163.628937359772,0.18454752418895845,0.14494988434849654,0.12615955077854435
2019-06-26,Facebook,5749,333,93,50.46326593053503,0.05792311706383719,0.27927927927927926,0.15154133913073584
2019-06-27,Facebook,5672,806,394,121.52222747454043,0.1421015514809591,0.48883374689826303,0.15077199438528588
2019-06-28,Facebook,2207,53,13,260.842737545863,0.02401449932034436,0.24528301886792453,4.921561085771
2019-06-29,Facebook,6291,261,78,474.93663573102344,0.04148783977110158,0.2988505747126437,1.819680596670588
2019-06-30,Facebook,6035,308,134,95.98712886217353,0.05103562551781276,0.43506493506493504,0.3116465222797842
2019-07-01,Facebook,5431,358,104,434.3943985077047,0.0659178788436752,0.2905027932960894,1.2133921746025271
2019-07-02,Facebook,4010,798,106,287.16084329533794,0.19900249376558604,0.13283208020050125,0.3598506808212255
2019-07-03,Facebook,702,99,18,421.66434460995345,0.14102564102564102,0.18181818181818182,4.2592358041409435
2019-07-04,Facebook,4718,391,74,184.2684939454967,0.08287409919457397,0.18925831202046037,0.4712749205767179
2019-07-05,Facebook,9458,1419,324,427.9762241026123,0.15003171917953056,0.22832980972515857,0.3016041043711151
2019-07-06,Facebook,4889,899,217,397.770251007562,0.1838821844958069,0.2413793103448276,0.44245856619306123
2019-07-07,Facebook,2827,543,222,153.52415736414525,0.1920764060841882,0.4088397790055249,0.2827332548142638
2019-07-08,Facebook,8504,178,36,109.10080688422013,0.020931326434619004,0.20224719101123595,0.6129258813720232
2019-07-09,Facebook,3431,291,75,440.6244451395318,0.08481492276304284,0.25773195876288657,1.5141733509949546
2019-07-10,Facebook,8277,250,82,483.45649404805937,0.030204180258547784,0.328,1.9338259761922374
2019-07-11,Facebook,697,51,11,64.0860411863823,0.07317073170731707,0.21568627450980393,1.2565890428702413
2019-07-12,Facebook,7625,322,137,379.0715301381585,0.04222950819672131,0.4254658385093168,1.1772407768265791
2019-07-13,Facebook,2430,322,101,459.28602992651827,0.1325102880658436,0.3136645962732919,1.4263541302065785
2019-07-14,Facebook,6787,568,103,435.8120414416244,0.08368940621776927,0.1813380281690141,0.7672747208479302
2019-07-15,Facebook,9300,498,184,484.0342125215938,0.053548387096774196,0.36947791164658633,0.9719562500433611
2019-07-16,Facebook,9839,595,171,392.0423352971437,0.06047362536843175,0.28739495798319326,0.6588946811716702
2019-07-17,Facebook,4782,375,108,249.0344430714096,0.07841907151819323,0.288,0.6640918481904257
2019-07-18,Facebook,3011,178,47,190.3783957228087,0.0591165725672534,0.2640449438202247,1.0695415490045432
2019-07-19,Facebook,1159,111,30,194.33423319715735,0.09577221742881795,0.2702702702702703,1.750758857632048
2019-07-20,Facebook,3311,53,20,375.9902026763526,0.0160072485653881,0.37735849056603776,7.094154767478352
2019-07-21,Facebook,7598,479,46,385.6266554139339,0.06304290602790208,0.09603340292275574,0.8050660864591522
2019-07-22,Facebook,7046,620,124,140.16161459692069,0.08799318762418393,0.2,0.226067120317614
2019-07-23,Facebook,2486,309,25,440.65526607073895,0.12429605792437651,0.08090614886731391,1.4260688222354012
2019-07-24,Facebook,8838,543,211,371.71581809101144,0.061439239646978956,0.3885819521178637,0.6845595176630045
2019-07-25,Facebook,3411,120,20,303.2376288545222,0.03518029903254178,0.16666666666666666,2.5269802404543515
2019-07-26,Facebook,2234,54,24,262.18960704613073,0.024171888988361683,0.4444444444444444,4.855363093446865
2019-07-27,Facebook,2343,442,126,294.45476260548116,0.18864703371745625,0.2850678733031674,0.6661872457137583
2019-07-28,Facebook,9180,818,335,121.66058222566902,0.08910675381263616,0.4095354523227384,0.14872931812428974
2019-07-29,Facebook,3476,418,205,141.66556217432338,0.12025316455696203,0.4904306220095694,0.33891282816823776
2019-07-30,Facebook,2459,454,194,91.02402068278626,0.1846278975193168,0.42731277533039647,0.2004934376272825
2019-07-31,Facebook,6259,160,70,119.14611717250071,0.025563189007828727,0.4375,0.7446632323281295
2019-08-01,Facebook,7194,1270,296,254.1621355723772,0.17653600222407562,0.23307086614173228,0.20012766580502142
2019-08-02,Facebook,2885,331,98,288.65947717771525,0.1147313691507799,0.29607250755287007,0.8720830126214962
2019-08-03,Facebook,5236,216,35,58.03785161524372,0.04125286478227655,0.16203703703703703,0.2686937574779802
2019-08-04,Facebook,2302,202,27,408.55902253881237,0.08774978279756733,0.13366336633663367,2.022569418508972
2019-08-05,Facebook,8655,1365,378,182.37558800456506,0.15771230502599654,0.27692307692307694,0.13360848938063374
2019-08-06,Facebook,8620,872,277,460.32621573195996,0.10116009280742459,0.3176605504587156,0.5278970363898623
2019-08-07,Facebook,7116,1403,284,485.38006862619994,0.19716132658797078,0.20242337847469707,0.3459587089281539
2019-08-08,Facebook,6034,492,150,133.45649360449445,0.08153795160755718,0.3048780487804878,0.2712530357814928
2019-08-09,Facebook,4561,695,312,257.9437808445473,0.1523788642841482,0.4489208633093525,0.3711421307115788
2019-08-10,Facebook,762,64,19,50.55432582489165,0.08398950131233596,0.296875,0.789911341013932
2019-08-11,Facebook,6787,1137,425,319.2472693050921,0.16752615293944306,0.3737906772207564,0.2807803599868884
2019-08-12,Facebook,9315,1100,453,323.287901718202,0.11808910359634997,0.4118181818181818,0.2938980924710927
2019-08-13,Facebook,9708,214,105,161.39298002151884,0.022043675319324267,0.49065420560747663,0.7541728038388731
2019-08-14,Facebook,2549,43,13,301.28570266243906,0.016869360533542564,0.3023255813953488,7.006644247963699
2019-08-15,Facebook,5923,209,86,151.49306409968096,0.03528617254769542,0.41148325358851673,0.7248471966491912
2019-08-16,Facebook,5048,63,30,122.37146108518553,0.012480190174326465,0.47619047619047616,1.942404144209294
2019-08-17,Facebook,3608,87,41,343.1837600610191,0.024113082039911308,0.47126436781609193,3.9446409202415986
2019-08-18,Facebook,7658,1083,122,196.6664587784337,0.14142073648472187,0.11265004616805172,0.18159414476309668
2019-08-19,Facebook,7900,881,205,315.6187724985301,0.11151898734177215,0.23269012485811577,0.3582505930743815
2019-08-20,Facebook,3670,559,109,244.96103703724503,0.15231607629427793,0.19499105545617174,0.438212946399365
2019-08-21,Facebook,2755,505,45,492.9581333313068,0.18330308529945555,0.0891089108910891,0.9761547194679342
2019-08-22,Facebook,1654,200,66,117.3112892004046,0.12091898428053205,0.33,0.5865564460020231
2019-08-23,Facebook,4999,739,281,259.06936848611457,0.14782956591318264,0.38024357239512857,0.3505674810366909
2019-08-24,Facebook,6795,1045,451,356.20548186169634,0.15378955114054452,0.43157894736842106,0.3408664898198051
2019-08-25,Facebook,6697,547,57,227.9952877459859,0.08167836344631925,0.10420475319926874,0.4168103980731004
2019-08-26,Facebook,2148,119,52,488.61493334181046,0.05540037243947858,0.4369747899159664,4.106007843208491
2019-08-27,Facebook,6039,295,100,374.8494325671208,0.04884914720980295,0.3389830508474576,1.2706760426004096
2019-08-28,Facebook,4699,271,99,345.6427359040219,0.057671845073419874,0.36531365313653136,1.2754344498303392
2019-08-29,Facebook,8945,556,255,390.6766704250505,0.062157629960872,0.45863309352517984,0.7026558820594433
2019-08-30,Facebook,3057,150,49,478.69188711742265,0.04906771344455348,0.32666666666666666,3.191279247449484
2019-08-31,Facebook,6092,1077,216,458.51839384308806,0.1767892317793828,0.20055710306406685,0.42573667023499356
2019-09-01,Facebook,598,91,38,375.9283886568854,0.15217391304347827,0.4175824175824176,4.131081194031707
2019-09-02,Facebook,2700,51,10,387.1227375955774,0.01888888888888889,0.19607843137254902,7.590641913638772
2019-09-03,Facebook,3461,211,13,115.66493331581546,0.06096503900606761,0.061611374407582936,0.5481750394114476
2019-09-04,Facebook,5473,77,32,96.25658202169956,0.014069066325598392,0.4155844155844156,1.250085480801293
2019-09-05,Facebook,4933,516,105,306.90702582987393,0.10460166227447801,0.20348837209302326,0.5947810578098331
2019-09-06,Facebook,3369,338,134,58.265436623243,0.10032650638171564,0.39644970414201186,0.17238294858947634
2019-09-07,Facebook,1456,244,52,267.06037169821616,0.16758241758241757,0.21311475409836064,1.0945097200746563
2019-09-08,Facebook,8852,606,265,144.6573109634909,0.06845910528694081,0.4372937293729373,0.23870843393315327
2019-09-09,Facebook,6199,1023,152,205.7074554401778,0.165026617196322,0.14858260019550343,0.20108255663751495
2019-09-10,Facebook,7444,1443,704,399.11213110683025,0.19384739387426114,0.4878724878724879,0.2765849834420168
2019-09-11,Facebook,4993,133,53,473.5568769045739,0.02663729220909273,0.39849624060150374,3.560578021838902
2019-09-12,Facebook,9992,1603,162,82.58732246585367,0.1604283426741393,0.10106051154086089,0.051520475649316076
2019-09-13,Facebook,5411,660,201,290.4089926894003,0.12197375716133801,0.30454545454545456,0.44001362528697013
2019-09-14,Facebook,4487,454,224,447.14006861882,0.10118119010474705,0.4933920704845815,0.984890018984185
2019-09-15,Facebook,6515,585,153,87.12884049818958,0.08979278587874137,0.26153846153846155,0.14893818888579416
2019-09-16,Facebook,1718,273,36,421.03132110357524,0.1589057043073341,0.13186813186813187,1.5422392714416675
2019-09-17,Facebook,4996,656,175,211.01060791772213,0.1313050440352282,0.26676829268292684,0.32166251206969837
2019-09-18,Facebook,5235,853,239,194.94261599870092,0.1629417382999045,0.2801875732708089,0.22853765064326015
2019-09-19,Facebook,5055,917,351,489.8598738416536,0.181404549950544,0.38276990185387133,0.5341983357051838
2019-09-20,Facebook,9646,1227,447,140.38659043803239,0.12720298569355173,0.3643031784841076,0.11441449913450072
2019-09-21,Facebook,8550,1678,387,361.9372733702064,0.19625730994152046,0.2306317044100119,0.21569563371287628
2019-09-22,Facebook,3946,495,73,419.6483276044399,0.1254434870755195,0.14747474747474748,0.8477743992008887
2019-09-23,Facebook,1545,202,68,68.53257287567226,0.1307443365695793,0.33663366336633666,0.33927016275085276
2019-09-24,Facebook,7393,853,204,351.6734562594855,0.11537941295820371,0.2391559202813599,0.4122783777954109
2019-09-25,Facebook,2193,59,6,478.1974884598971,0.026903784769721842,0.1016949152542373,8.105042177286391
2019-09-26,Facebook,3936,582,264,105.89898502762671,0.14786585365853658,0.4536082474226804,0.18195701894781222
2019-09-27,Facebook,9254,1055,380,453.2995862082672,0.11400475470066998,0.36018957345971564,0.4296678542258457
2019-09-28,Facebook,6395,611,218,317.64948681962125,0.09554339327599687,0.3567921440261866,0.5198845938128007
2019-09-29,Facebook,3854,705,296,327.4720618381133,0.18292682926829268,0.4198581560283688,0.4644993784937777
2019-09-30,Facebook,725,48,13,325.8248786895227,0.06620689655172414,0.2708333333333333,6.788018306031723
2019-10-01,Facebook,5393,590,245,184.47614885179124,0.10940107546819952,0.4152542372881356,0.31267143873184955
2019-10-02,Facebook,7522,1072,293,470.84081688475686,0.14251528848710449,0.2733208955223881,0.4392171799298105
2019-10-03,Facebook,9651,1556,124,476.3077081839674,0.1612268158740027,0.07969151670951156,0.30611035230332095
2019-10-04,Facebook,6100,593,137,331.38709709627653,0.09721311475409836,0.23102866779089376,0.5588315296733163
2019-10-05,Facebook,8496,1444,395,402.5402266737266,0.1699623352165725,0.27354570637119113,0.27876746999565555
2019-10-06,Facebook,9507,1483,554,325.5160936465211,0.1559903229199537,0.3735670937289278,0.21949837737459277
2019-10-07,Facebook,8183,184,18,267.9793014083183,0.022485640962972016,0.09782608695652174,1.4564092467843386
2019-10-08,Facebook,5142,96,10,347.36905323466283,0.01866977829638273,0.10416666666666667,3.618427637861071
2019-10-09,Facebook,8179,1046,176,298.8506536663813,0.12788849492603008,0.1682600382409178,0.2857080818990261
2019-10-10,Facebook,8708,661,112,318.8641381843685,0.07590721175930179,0.16944024205748864,0.4823965781911778
2019-10-11,Facebook,7839,389,147,402.7246490384879,0.04962367648934813,0.37789203084832906,1.0352818741349303
2019-10-12,Facebook,9935,1193,194,266.4067241520432,0.12008052340211374,0.16261525565800503,0.22330823482987694
2019-10-13,Facebook,2705,202,67,68.33934774161274,0.07467652495378928,0.3316831683168317,0.3383136026812512
2019-10-14,Facebook,1569,175,47,123.79976644527376,0.11153601019757807,0.26857142857142857,0.7074272368301358
2019-10-15,Facebook,3944,384,118,247.37324742029227,0.0973630831643002,0.3072916666666667,0.6442011651570111
2019-10-16,Facebook,1560,188,80,376.17195194332623,0.12051282051282051,0.425531914893617,2.000914637996416
2019-10-17,Facebook,2827,243,56,316.97539173958046,0.08595684471170853,0.23045267489711935,1.3044254804097961
2019-10-18,Facebook,3920,558,221,342.63238364305425,0.14234693877551022,0.3960573476702509,0.6140365298262621
2019-10-19,Facebook,801,35,8,265.67551785932926,0.04369538077403246,0.22857142857142856,7.590729081695121
2019-10-20,Facebook,1106,157,32,327.0839098740093,0.14195298372513562,0.20382165605095542,2.0833370055669382
2019-10-21,Facebook,3670,323,155,198.05784701659798,0.0880108991825613,0.47987616099071206,0.6131821889058761
2019-10-22,Facebook,1199,211,28,261.5821667134993,0.17597998331943285,0.13270142180094788,1.2397259085947834
2019-10-23,Facebook,5588,602,54,384.92557951773,0.10773085182534002,0.08970099667774087,0.6394112616573588
2019-10-24,Facebook,9831,1915,760,442.32475053790455,0.1947919845387041,0.3968668407310705,0.2309789820041277
2019-10-25,Facebook,690,85,6,245.144900280375,0.12318840579710146,0.07058823529411765,2.8840576503573527
2019-10-26,Facebook,1480,77,32,69.64774596831253,0.05202702702702703,0.4155844155844156,0.9045161814066562
2019-10-27,Facebook,3475,577,142,122.75264486606119,0.1660431654676259,0.24610051993067592,0.21274288538312164
2019-10-28,Facebook,6602,498,230,59.38751268119215,0.0754316873674644,0.46184738955823296,0.11925203349636977
2019-10-29,Facebook,1684,128,47,343.96835865679856,0.07600950118764846,0.3671875,2.6872528020062387
2019-10-30,Facebook,3827,61,19,199.54158140979902,0.015939378102952706,0.3114754098360656,3.2711734657344103
2019-10-31,Facebook,3894,444,211,294.1153860737154,0.1140215716486903,0.4752252252252252,0.6624220407065662
2019-11-01,Facebook,8819,983,224,271.9745810527098,0.11146388479419435,0.2278738555442523,0.2766781089040792
2019-11-02,Facebook,2316,179,85,86.68692029859201,0.07728842832469776,0.4748603351955307,0.48428447094185484
2019-11-03,Facebook,6354,1143,126,231.46761250572433,0.17988668555240794,0.11023622047244094,0.20250884733659172
2019-11-04,Facebook,7209,248,66,149.25250621504546,0.03440144264114302,0.2661290322580645,0.6018246218348607
2019-11-05,Facebook,1069,77,13,238.2799049004437,0.07202993451824134,0.16883116883116883,3.094544219486282
2019-11-06,Facebook,5942,422,123,141.6102261540092,0.07101985863345675,0.2914691943127962,0.3355692562891214
2019-11-07,Facebook,2395,65,7,428.20358282462007,0.027139874739039668,0.1076923076923077,6.587747428071078
2019-11-08,Facebook,3233,327,140,128.38700146021415,0.10114444788122487,0.42813455657492355,0.39262079957252033
2019-11-09,Facebook,4363,613,264,482.35124816913964,0.1404996561998625,0.43066884176182707,0.7868698991339962
2019-11-10,Facebook,7955,852,408,237.15831476612337,0.1071024512884978,0.4788732394366197,0.27835482953770346
2019-11-11,Facebook,4514,179,21,430.8103814085722,0.03965440850686752,0.11731843575418995,2.406761907310459
2019-11-12,Facebook,2186,178,58,332.9441681926753,0.08142726440988106,0.3258426966292135,1.8704728550150298
2019-11-13,Facebook,3509,36,9,380.9076343995887,0.010259333143345683,0.25,10.580767622210796
2019-11-14,Facebook,8306,1453,297,395.4757496300511,0.17493378280760896,0.20440467997247075,0.27217876781145983
2019-11-15,Facebook,654,17,3,277.180196851858,0.02599388379204893,0.17647058823529413,16.304717461874
2019-11-16,Facebook,1909,235,55,294.4852355134798,0.12310110005238345,0.23404255319148937,1.2531286617594883
2019-11-17,Facebook,1284,253,92,281.2981405139262,0.1970404984423676,0.36363636363636365,1.1118503577625543
2019-11-18,Facebook,8596,962,307,314.62627014053567,0.11191251744997674,0.3191268191268191,0.3270543348654217
2019-11-19,Facebook,8060,1495,384,63.22750059042828,0.18548387096774194,0.2568561872909699,0.04229264253540353
2019-11-20,Facebook,7843,430,36,227.98182643205686,0.05482595945429045,0.08372093023255814,0.5301902940280392
2019-11-21,Facebook,7706,1189,101,322.7849211025272,0.15429535426940047,0.08494533221194281,0.2714759639213854
2019-11-22,Facebook,6096,676,34,318.97560436513896,0.11089238845144357,0.05029585798816568,0.4718574029070103
2019-11-23,Facebook,6301,925,449,406.8302425725342,0.14680209490557056,0.4854054054054054,0.4398164784567937
2019-11-24,Facebook,3306,72,3,344.75420247444885,0.021778584392014518,0.041666666666666664,4.788252812145123
2019-11-25,Facebook,1037,39,3,496.45999235330254,0.037608486017357765,0.07692307692307693,12.729743393674424
2019-11-26,Facebook,6486,228,43,177.73453787389025,0.03515263644773358,0.18859649122807018,0.7795374468153081
2019-11-27,Facebook,2341,329,135,211.61796334980417,0.14053823152498932,0.41033434650455924,0.6432156940723531
2019-11-28,Facebook,9216,1570,758,222.73121834050832,0.1703559027777778,0.48280254777070064,0.1418670180512792
2019-11-29,Facebook,7471,1138,461,259.6157631591118,0.15232231294338108,0.40509666080843587,0.2281333595422775
2019-11-30,Facebook,6125,96,34,426.1991287015442,0.0156734693877551,0.3541666666666667,4.439574257307752
2019-12-01,Facebook,3450,602,171,156.10644228164443,0.17449275362318842,0.2840531561461794,0.25931302704592096
2019-12-02,Facebook,8492,656,58,399.20009316594326,0.07724917569477155,0.08841463414634146,0.6085367273871086
2019-12-03,Facebook,5280,451,217,232.38958238858453,0.08541666666666667,0.4811529933481153,0.5152762358948659
2019-12-04,Facebook,2868,85,33,320.83492264790385,0.029637377963737797,0.38823529411764707,3.774528501740045
2019-12-05,Facebook,7155,1074,362,334.64323995183776,0.15010482180293502,0.3370577281191806,0.31158588449891783
2019-12-06,Facebook,8673,387,151,217.78188673502052,0.04462123832583881,0.39018087855297157,0.562743893372146
2019-12-07,Facebook,4995,585,219,280.6768423426123,0.11711711711711711,0.37435897435897436,0.47978947408993555
2019-12-08,Facebook,9663,1640,552,235.86402859146366,0.1697195487943703,0.33658536585365856,0.14381952962894126
2019-12-09,Facebook,6502,175,85,81.10975378397875,0.0269147954475546,0.4857142857142857,0.4634843073370214
2019-12-10,Facebook,7114,794,362,246.72442496757193,0.11161090806859714,0.45591939546599497,0.3107360515964382
2019-12-11,Facebook,9858,535,182,93.82702664909849,0.054270643132481235,0.3401869158878505,0.17537761990485698
2019-12-12,Facebook,6419,482,174,232.25935958614468,0.07508957781585916,0.36099585062240663,0.4818658912575616
2019-12-13,Facebook,1353,135,9,316.8132799243018,0.09977827050997783,0.06666666666666667,2.3467650364763095
2019-12-14,Facebook,4646,359,126,310.73670470457535,0.0772707705553164,0.35097493036211697,0.8655618515447782
2019-12-15,Facebook,4269,568,39,348.17957555374414,0.13305223705785899,0.06866197183098592,0.612992210481944
2019-12-16,Facebook,1074,108,33,92.86767857958182,0.1005586592178771,0.3055555555555556,0.8598859127739057
2019-12-17,Facebook,1648,199,99,343.45546048869704,0.12075242718446602,0.49748743718592964,1.7259068366266184
2019-12-18,Facebook,6793,1018,305,190.46662551340117,0.14986015015457088,0.29960707269155207,0.18709884628035478
2019-12-19,Facebook,6957,806,211,229.5706757617,0.1158545350007187,0.2617866004962779,0.28482714114354835
2019-12-20,Facebook,8009,972,185,436.0938142652176,0.12136346610063678,0.19032921810699588,0.44865618751565595
2019-12-21,Facebook,5277,618,64,54.06368185829761,0.11711199545196134,0.10355987055016182,0.08748168585485051
2019-12-22,Facebook,4354,356,134,314.7856850032725,0.08176389526871843,0.37640449438202245,0.8842294522563834
2019-12-23,Facebook,2991,221,30,319.4212910450484,0.07388833166165162,0.13574660633484162,1.4453452083486353
2019-12-24,Facebook,3624,655,66,228.4968993546029,0.18073951434878588,0.10076335877862595,0.3488502280222945
2019-12-25,Facebook,6191,776,186,156.6625356987513,0.12534324018736875,0.23969072164948454,0.20188471095199909
2019-12-26,Facebook,3551,200,81,155.603317217698,0.056322162771050406,0.405,0.77801658608849
2019-12-27,Facebook,504,52,20,447.66935134733865,0.10317460317460317,0.38461538461538464,8.60902598744882
2019-12-28,Facebook,5722,416,31,248.9109682022859,0.07270185249912618,0.07451923076923077,0.5983436735631872
2019-12-29,Facebook,5815,1089,277,198.90021334512736,0.18727429062768702,0.25436179981634527,0.18264482400838142
2019-12-30,Facebook,5369,61,17,251.94990822413138,0.011361519836096108,0.2786885245901639,4.130326364330022
2019-12-31,Facebook,1376,72,24,351.2256806567126,0.05232558139534884,0.3333333333333333,4.878134453565453
2019-01-01,AdWords,3932,419,202,249.8196871409913,0.1065615462868769,0.4821002386634845,0.5962283702648957
2019-01-02,AdWords,9972,1988,281,331.8054446394787,0.19935820296831128,0.14134808853118713,0.1669041472029571
2019-01-03,AdWords,6776,1115,318,270.0040243066031,0.16455135773317592,0.2852017937219731,0.24215607561130326
2019-01-04,AdWords,6395,811,145,230.8004602944459,0.126817826426896,0.17879161528976573,0.2845874972804512
2019-01-05,AdWords,7615,519,211,497.2317750048642,0.06815495732107682,0.40655105973025046,0.9580573699515688
2019-01-06,AdWords,7156,919,284,446.14164296701716,0.12842370039128004,0.30903155603917304,0.4854642469717271
2019-01-07,AdWords,1075,118,39,330.53268117174804,0.10976744186046512,0.3305084745762712,2.801124416709729
2019-01-08,AdWords,7529,684,279,306.2198125320272,0.09084871828928144,0.40789473684210525,0.44768978440354856
2019-01-09,AdWords,6599,229,52,329.29721592106284,0.034702227610243976,0.22707423580786026,1.437979108825602
2019-01-10,AdWords,9999,1784,823,140.59044852009498,0.1784178417841784,0.461322869955157,0.07880630522426849
2019-01-11,AdWords,3692,352,102,227.81198446894336,0.09534127843986999,0.2897727272727273,0.6471931376958618
2019-01-12,AdWords,3678,172,20,67.7567898009047,0.04676454594888527,0.11627906976744186,0.3939348244238645
2019-01-13,AdWords,6552,523,189,263.995716869072,0.07982295482295482,0.361376673040153,0.50477192517987
2019-01-14,AdWords,3234,286,116,294.36106278094843,0.08843537414965986,0.40559440559440557,1.0292344852480715
2019-01-15,AdWords,6616,1106,212,152.48738124644433,0.16717049576783555,0.19168173598553345,0.13787285826984116
2019-01-16,AdWords,4068,607,264,483.8129812244812,0.1492133726647001,0.43492586490939045,0.7970559822479096
2019-01-17,AdWords,2703,422,193,459.2545749217589,0.1561228264890862,0.45734597156398105,1.0882809832269167
2019-01-18,AdWords,1890,22,3,374.96445595515763,0.01164021164021164,0.13636363636363635,17.04383890705262
2019-01-19,AdWords,2242,199,98,290.02398294441315,0.08876003568242641,0.49246231155778897,1.4574069494694128
2019-01-20,AdWords,2425,246,27,441.4861218414582,0.10144329896907217,0.10975609756097561,1.7946590318758464
2019-01-21,AdWords,1119,15,2,108.79355472055832,0.013404825737265416,0.13333333333333333,7.252903648037221
2019-01-22,AdWords,1774,105,13,405.72940742369826,0.05918827508455468,0.12380952380952381,3.864089594511412
2019-01-23,AdWords,1456,224,101,106.16936628508174,0.15384615384615385,0.45089285714285715,0.4739703852012577
2019-01-24,AdWords,2439,87,29,407.39479814723245,0.03567035670356704,0.3333333333333333,4.682698829278534
2019-01-25,AdWords,4453,497,58,174.0954057131106,0.1116101504603638,0.11670020120724346,0.35029256682718435
2019-01-26,AdWords,1468,74,18,444.690761458185,0.05040871934604905,0.24324324324324326,6.009334614299798
2019-01-27,AdWords,9735,119,38,474.81894222142904,0.012223934257832563,0.31932773109243695,3.990075144717891
2019-01-28,AdWords,781,43,3,116.95818623230204,0.05505761843790013,0.06976744186046512,2.7199578193558613
2019-01-29,AdWords,6762,1321,590,258.2040222794271,0.1953564034309376,0.4466313398940197,0.19546103124862005
2019-01-30,AdWords,1558,252,103,491.4443201732083,0.16174582798459564,0.4087301587301587,1.9501758737032076
2019-01-31,AdWords,4793,921,255,267.533346187916,0.1921552263717922,0.2768729641693811,0.2904813747968686
2019-02-01,AdWords,5678,583,282,438.59638513154533,0.1026769989432899,0.483704974271012,0.7523094084589114
2019-02-02,AdWords,7480,230,54,314.92918495909396,0.03074866310160428,0.23478260869565218,1.369257325909104
2019-02-03,AdWords,9700,1106,545,218.89845856382084,0.11402061855670104,0.49276672694394213,0.19791904029278556
2019-02-04,AdWords,1729,166,58,178.6025999866416,0.09600925390399075,0.3493975903614458,1.0759192770279613
2019-02-05,AdWords,9727,1657,556,141.4503909887393,0.17035057057674513,0.3355461677730839,0.08536535364438098
2019-02-06,AdWords,5085,145,18,392.8091861199637,0.028515240904621434,0.12413793103448276,2.7090288697928533
2019-02-07,AdWords,8967,921,411,223.94322807036255,0.10270993643358983,0.44625407166123776,0.2431522563196119
2019-02-08,AdWords,3240,124,30,280.07395799033804,0.03827160493827161,0.24193548387096775,2.258660951534984
2019-02-09,AdWords,2789,199,24,271.54646600053184,0.07135173897454285,0.12060301507537688,1.3645551055303107
2019-02-10,AdWords,1739,261,14,309.77556315490904,0.15008625646923518,0.05363984674329502,1.1868795523176592
2019-02-11,AdWords,5870,589,177,439.5097155310485,0.10034071550255537,0.300509337860781,0.746196461003478
2019-02-12,AdWords,625,50,14,491.33270461254324,0.08,0.28,9.826654092250864
2019-02-13,AdWords,7973,677,253,233.41289385821761,0.08491157657092688,0.37370753323485967,0.34477532327654004
2019-02-14,AdWords,9900,963,433,422.3835149478364,0.09727272727272727,0.44963655244029077,0.43861216505486644
2019-02-15,AdWords,5842,929,79,394.0375075946229,0.15902088325915784,0.08503767491926803,0.4241523224915209
2019-02-16,AdWords,7851,1409,534,308.088028155008,0.17946758374729335,0.37899219304471254,0.21865722367282325
2019-02-17,AdWords,7138,1367,183,480.2212146253699,0.19151022695432895,0.13386978785662035,0.3512956946783979
2019-02-18,AdWords,7070,1127,491,140.21353198778127,0.1594059405940594,0.4356699201419698,0.12441307186138532
2019-02-19,AdWords,3749,262,109,99.16889463932964,0.0698853027473993,0.41603053435114506,0.37850723144782306
2019-02-20,AdWords,9610,1352,396,434.28288512994,0.14068678459937564,0.29289940828402367,0.3212151517233284
2019-02-21,AdWords,8095,754,278,247.61741748518673,0.09314391599752934,0.3687002652519894,0.3284050629777012
2019-02-22,AdWords,6794,396,75,431.13598439317724,0.058286723579629086,0.1893939393939394,1.0887272333161042
2019-02-23,AdWords,7027,1192,312,451.8905923379367,0.16963142165931408,0.26174496644295303,0.37910284592108784
2019-02-24,AdWords,6257,108,45,78.10591712858215,0.017260668051782006,0.4166666666666667,0.7232029363757606
2019-02-25,AdWords,2469,447,114,447.5591433437273,0.181044957472661,0.2550335570469799,1.0012508799635957
2019-02-26,AdWords,1391,135,28,251.74357491624,0.09705248023005032,0.2074074074074074,1.8647672216017777
2019-02-27,AdWords,4970,651,177,279.6946200519045,0.13098591549295774,0.271889400921659,0.42963843325945394
2019-02-28,AdWords,7675,1038,438,331.9666299919446,0.1352442996742671,0.42196531791907516,0.3198137090481162
2019-03-01,AdWords,8820,1588,318,466.87217302853907,0.1800453514739229,0.20025188916876574,0.2940001089600372
2019-03-02,AdWords,9706,1271,162,58.60224249339382,0.13094992787966206,0.12745869394177814,0.04610719314979844
2019-03-03,AdWords,7312,926,342,264.5795607430177,0.12664113785557987,0.3693304535637149,0.28572306775703854
2019-03-04,AdWords,8019,181,76,359.4749190937523,0.022571392941763312,0.4198895027624309,1.9860492767610625
2019-03-05,AdWords,5112,554,52,375.2181309642028,0.10837245696400626,0.09386281588447654,0.6772890450617379
2019-03-06,AdWords,1698,65,10,361.63959419169856,0.03828032979976443,0.15384615384615385,5.56368606448767
2019-03-07,AdWords,5738,861,98,110.49580823365483,0.1500522830254444,0.11382113821138211,0.12833427204837958
2019-03-08,AdWords,6589,707,146,184.72801476725655,0.1073000455304295,0.2065063649222065,0.26128432074576596
2019-03-09,AdWords,6757,940,237,211.42198643765605,0.13911499186029302,0.2521276595744681,0.22491700684857027
2019-03-10,AdWords,8205,147,56,411.9967434557772,0.017915904936014627,0.38095238095238093,2.8026989350733142
2019-03-11,AdWords,4219,110,37,175.44194258654886,0.026072529035316427,0.33636363636363636,1.594926750786808
2019-03-12,AdWords,802,117,38,144.81723374024142,0.14588528678304238,0.3247863247863248,1.237754134531978
2019-03-13,AdWords,1486,35,7,480.8516085671433,0.023553162853297442,0.2,13.738617387632665
2019-03-14,AdWords,4940,116,49,53.98847830106101,0.02348178137651822,0.4224137931034483,0.465417916388457
2019-03-15,AdWords,5409,66,17,499.0193850568902,0.012201885745978924,0.25757575757575757,7.560899773589245
2019-03-16,AdWords,3572,684,335,354.56958448582805,0.19148936170212766,0.489766081871345,0.5183765855055965
2019-03-17,AdWords,3624,544,182,422.8111847521027,0.15011037527593818,0.33455882352941174,0.7772264425590123
2019-03-18,AdWords,8625,665,71,182.57872835578692,0.07710144927536232,0.10676691729323308,0.27455447873050665
2019-03-19,AdWords,3791,251,88,56.44187495017699,0.06620944341862306,0.350597609561753,0.22486802768994815
2019-03-20,AdWords,4533,346,67,382.04128335268854,0.07632914184866535,0.1936416184971098,1.1041655588227992
2019-03-21,AdWords,5605,881,316,425.3650686503041,0.15718108831400535,0.358683314415437,0.48282073626595245
2019-03-22,AdWords,1203,163,13,383.2142593790836,0.13549459684123025,0.07975460122699386,2.3510077262520466
2019-03-23,AdWords,8633,390,50,114.28262928537737,0.04517548940113518,0.1282051282051282,0.2930323827830189
2019-03-24,AdWords,1074,46,20,389.0425650156361,0.04283054003724395,0.43478260869565216,8.457447065557307
2019-03-25,AdWords,6204,178,27,396.01525194843845,0.02869116698903933,0.15168539325842698,2.2248047862271823
2019-03-26,AdWords,8348,1130,482,346.3432320515247,0.135361763296598,0.4265486725663717,0.30649843544382716
2019-03-27,AdWords,5708,886,155,394.7521697580138,0.1552207428170988,0.17494356659142213,0.44554420965915775
2019-03-28,AdWords,7424,448,152,430.6646478549795,0.0603448275862069,0.3392857142857143,0.9613050175334363
2019-03-29,AdWords,4328,60,21,326.1218514068563,0.013863216266173753,0.35,5.435364190114272
2019-03-30,AdWords,3730,95,26,89.87212128635558,0.02546916890080429,0.2736842105263158,0.9460223293300587
2019-03-31,AdWords,988,191,35,269.4325143502449,0.19331983805668015,0.18324607329842932,1.4106414363887168
2019-04-01,AdWords,7614,503,73,84.94220060222227,0.06606251641712635,0.14512922465208747,0.16887117415948763
2019-04-02,AdWords,3673,573,37,233.39436396459388,0.15600326708412743,0.06457242582897033,0.407320006919012
2019-04-03,AdWords,2167,278,51,233.19792010653242,0.1282879556991232,0.18345323741007194,0.8388414392321311
2019-04-04,AdWords,4614,380,130,79.70442986310871,0.082358040745557,0.34210526315789475,0.20974849963975978
2019-04-05,AdWords,4053,198,93,206.9692402862657,0.04885270170244264,0.4696969696969697,1.0452991933649782
2019-04-06,AdWords,8261,273,120,99.94914445609167,0.03304684662873744,0.43956043956043955,0.3661140822567461
2019-04-07,AdWords,1500,190,74,413.70584450415,0.12666666666666668,0.3894736842105263,2.1773991816007894
2019-04-08,AdWords,9542,1499,606,476.45961168401186,0.15709494864808216,0.4042695130086724,0.31785164221748624
2019-04-09,AdWords,1888,249,86,82.54241386607237,0.131885593220339,0.3453815261044177,0.3314956380163549
2019-04-10,AdWords,5950,659,110,479.80184328126563,0.1107563025210084,0.1669195751138088,0.7280756347211922
2019-04-11,AdWords,4212,75,34,285.15946970153533,0.017806267806267807,0.4533333333333333,3.8021262626871377
2019-04-12,AdWords,1867,362,127,184.80455507924324,0.19389394750937333,0.35082872928176795,0.5105098206608929
2019-04-13,AdWords,8689,1405,424,84.58793387427357,0.16169869950512142,0.30177935943060497,0.06020493514183173
2019-04-14,AdWords,9513,624,62,275.280920631688,0.06559444970040997,0.09935897435897435,0.44115532152514103
2019-04-15,AdWords,954,187,46,407.5319950208369,0.1960167714884696,0.24598930481283424,2.1793154813948497
2019-04-16,AdWords,3272,406,104,368.18891477001415,0.12408312958435208,0.2561576354679803,0.9068692482020053
2019-04-17,AdWords,4226,509,223,72.60170515878819,0.12044486512068149,0.4381139489194499,0.14263596298386677
2019-04-18,AdWords,7732,1176,348,82.80582591555658,0.1520951888256596,0.29591836734693877,0.07041311727513315
2019-04-19,AdWords,5306,871,192,231.2929771846867,0.16415378816434226,0.22043628013777267,0.2655487682947034
2019-04-20,AdWords,2690,362,177,182.88072232157447,0.13457249070631971,0.4889502762430939,0.5051953655292112
2019-04-21,AdWords,9608,329,32,154.57294537522154,0.03424229808492923,0.0972644376899696,0.46982658168760344
2019-04-22,AdWords,3375,250,60,176.4520245089211,0.07407407407407407,0.24,0.7058080980356845
2019-04-23,AdWords,6092,1135,78,411.5672344835981,0.18630991464215366,0.06872246696035242,0.3626143035097781
2019-04-24,AdWords,1940,102,39,468.15262413433425,0.05257731958762887,0.38235294117647056,4.58973160916014
2019-04-25,AdWords,9427,760,351,232.2962125374049,0.08061949718892543,0.4618421052631579,0.30565291123342747
2019-04-26,AdWords,6559,604,106,457.7499509596237,0.09208720841591705,0.17549668874172186,0.75786415721792
2019-04-27,AdWords,7510,702,306,194.67306556154688,0.09347536617842876,0.4358974358974359,0.2773120592044827
2019-04-28,AdWords,7617,963,174,264.3966438547062,0.12642772745175265,0.1806853582554517,0.27455518572659005
2019-04-29,AdWords,9653,1826,839,151.71304901719986,0.18916399046928417,0.45947426067908,0.08308491183855414
2019-04-30,AdWords,3489,194,75,338.2142189791298,0.055603324734881054,0.3865979381443299,1.7433722627790196
2019-05-01,AdWords,9718,321,132,490.541501828664,0.033031487960485696,0.411214953271028,1.5281666723634393
2019-05-02,AdWords,6728,319,18,321.5718932195204,0.04741379310344827,0.05642633228840126,1.008062361189719
2019-05-03,AdWords,6971,1244,601,211.01633785109698,0.17845359345861425,0.48311897106109325,0.16962728123078535
2019-05-04,AdWords,3363,446,168,341.51785069573776,0.13261968480523342,0.37668161434977576,0.7657350912460488
2019-05-05,AdWords,1677,107,20,105.31430530942441,0.06380441264162194,0.18691588785046728,0.9842458440133123
2019-05-06,AdWords,5260,868,367,449.8965861194294,0.1650190114068441,0.4228110599078341,0.5183140393080984
2019-05-07,AdWords,511,88,15,276.38777785092634,0.17221135029354206,0.17045454545454544,3.1407702028514355
2019-05-08,AdWords,5752,982,434,252.20738391783894,0.17072322670375523,0.4419551934826884,0.25683032985523313
2019-05-09,AdWords,4899,904,90,313.63915480408366,0.18452745458256786,0.09955752212389381,0.34694596770363234
2019-05-10,AdWords,8734,505,185,331.1527382552311,0.057820013739409204,0.36633663366336633,0.655747996545012
2019-05-11,AdWords,9635,1478,433,82.29911280193086,0.15339906590555266,0.2929634641407307,0.05568275561700329
2019-05-12,AdWords,5945,579,54,357.1777495505311,0.09739276703111859,0.09326424870466321,0.616887304923197
2019-05-13,AdWords,7070,1201,190,158.86925614198833,0.16987270155586986,0.1582014987510408,0.13228081277434497
2019-05-14,AdWords,9696,1439,79,371.2786846279654,0.14841171617161716,0.05489923558026407,0.258011594599003
2019-05-15,AdWords,8712,1372,358,420.1406574728885,0.15748393021120294,0.260932944606414,0.30622496900356305
2019-05-16,AdWords,906,122,22,411.7813283986341,0.1346578366445916,0.18032786885245902,3.3752567901527386
2019-05-17,AdWords,9706,424,135,298.6254353335501,0.04368431897795178,0.31839622641509435,0.7043052720130899
2019-05-18,AdWords,4931,559,102,284.076451539838,0.11336442912188197,0.18246869409660108,0.5081868542752022
2019-05-19,AdWords,5743,1131,209,114.29418260273528,0.19693539961692494,0.1847922192749779,0.10105586437023455
2019-05-20,AdWords,7042,1324,508,398.905767681411,0.18801476853166715,0.38368580060422963,0.30128834417025
2019-05-21,AdWords,7436,135,9,172.13422120102146,0.018154922001075848,0.06666666666666667,1.2750683051927516
2019-05-22,AdWords,9406,388,177,273.5129402680759,0.041250265787795025,0.45618556701030927,0.704930258422876
2019-05-23,AdWords,4646,162,70,177.92334181738252,0.03486870426173052,0.43209876543209874,1.0982922334406329
2019-05-24,AdWords,640,94,32,110.2227633498619,0.146875,0.3404255319148936,1.1725825888283181
2019-05-25,AdWords,5382,890,282,333.30096360128147,0.16536603493125232,0.31685393258426964,0.37449546472054096
2019-05-26,AdWords,6512,329,148,74.44941567030672,0.05052211302211302,0.44984802431610943,0.22629001723497483
2019-05-27,AdWords,1463,155,20,386.89035535679,0.10594668489405332,0.12903225806451613,2.4960668087534836
2019-05-28,AdWords,7651,1298,111,192.9140578675025,0.16965102600967194,0.08551617873651772,0.14862408156202042
2019-05-29,AdWords,9064,1352,213,50.0606118520184,0.14916151809355693,0.15754437869822485,0.03702707977220296
2019-05-30,AdWords,4110,464,189,280.0081126567534,0.11289537712895377,0.4073275862068966,0.6034657600361064
2019-05-31,AdWords,7394,903,59,71.0833588374214,0.12212604814714634,0.06533776301218161,0.07871911277676788
2019-06-01,AdWords,7811,832,259,174.27630101940474,0.10651645115862246,0.3112980769230769,0.20946670795601532
2019-06-02,AdWords,605,40,19,368.1394193550723,0.06611570247933884,0.475,9.203485483876808
2019-06-03,AdWords,6039,708,308,78.21032972983964,0.11723795330352707,0.4350282485875706,0.11046656741502775
2019-06-04,AdWords,7287,1026,292,427.702321560201,0.1407986825854261,0.28460038986354774,0.4168638611697866
2019-06-05,AdWords,2637,463,36,51.7189651963624,0.17557830868411073,0.07775377969762419,0.11170402850186263
2019-06-06,AdWords,4945,647,274,161.070741140856,0.13083923154701718,0.4234930448222566,0.24895014086685627
2019-06-07,AdWords,4030,623,199,383.40682526843216,0.15459057071960297,0.31942215088282505,0.6154202652783822
2019-06-08,AdWords,1786,72,7,192.32156737818806,0.040313549832026875,0.09722222222222222,2.671132880252612
2019-06-09,AdWords,7552,737,67,95.85157462970608,0.09759004237288135,0.09090909090909091,0.13005641062375317
2019-06-10,AdWords,4154,48,22,212.10526346019253,0.011555127587867116,0.4583333333333333,4.418859655420678
2019-06-11,AdWords,7602,432,151,171.6769788730365,0.056827150749802685,0.34953703703703703,0.39740041405795484
2019-06-12,AdWords,2859,423,179,429.2203559722497,0.14795383001049317,0.4231678486997636,1.0147053332677298
2019-06-13,AdWords,8605,1707,760,191.0065629133144,0.19837303893085415,0.44522554188635033,0.11189605325911799
2019-06-14,AdWords,9136,263,80,405.01961229920323,0.02878721541155867,0.3041825095057034,1.5399985258524838
2019-06-15,AdWords,6941,598,169,451.3424651648306,0.08615473274744273,0.2826086956521739,0.7547532862288138
2019-06-16,AdWords,5547,898,218,245.2178388094383,0.1618893095366865,0.24276169265033407,0.27307108998823865
2019-06-17,AdWords,8727,425,81,459.4744147344764,0.04869943852412054,0.19058823529411764,1.081116269963474
2019-06-18,AdWords,5703,658,161,219.79312428343678,0.11537787129580922,0.24468085106382978,0.33403210377422005
2019-06-19,AdWords,2298,343,136,483.8352874205487,0.14926022628372498,0.3965014577259475,1.4105985055992674
2019-06-20,AdWords,5791,735,235,90.18028603650782,0.12692108444137454,0.3197278911564626,0.12269426671633718
2019-06-21,AdWords,5995,274,123,359.15866992645925,0.045704753961634696,0.4489051094890511,1.3107980654250337
2019-06-22,AdWords,6784,525,130,272.2163182056179,0.0773879716981132,0.24761904761904763,0.5185072727726054
2019-06-23,AdWords,7785,1237,399,224.44196245504116,0.15889531149646757,0.322554567502021,0.18144055170173093
2019-06-24,AdWords,1800,207,69,334.7203454368704,0.115,0.3333333333333333,1.617006499695026
2019-06-25,AdWords,7369,81,25,366.73569123544905,0.010991993486226082,0.30864197530864196,4.527601126363568
2019-06-26,AdWords,9935,1535,562,51.96347134263909,0.1545042778057373,0.36612377850162864,0.033852424327452176
2019-06-27,AdWords,3597,60,9,125.12888993623942,0.016680567139282735,0.15,2.0854814989373236
2019-06-28,AdWords,5116,776,217,370.87072278544343,0.15168100078186084,0.27963917525773196,0.47792618915649926
2019-06-29,AdWords,509,24,2,349.8734361101929,0.047151277013752456,0.08333333333333333,14.578059837924705
2019-06-30,AdWords,6252,1200,267,484.72137730790473,0.19193857965451055,0.2225,0.4039344810899206
2019-07-01,AdWords,6795,542,146,392.46700561285235,0.07976453274466519,0.2693726937269373,0.724108866444377
2019-07-02,AdWords,5315,383,131,477.8477184791021,0.07206020696142991,0.34203655352480417,1.2476441735746793
2019-07-03,AdWords,1572,60,28,366.14322569066314,0.03816793893129771,0.4666666666666667,6.102387094844386
2019-07-04,AdWords,3725,253,81,184.12349388774942,0.06791946308724832,0.3201581027667984,0.7277608454061242
2019-07-05,AdWords,1816,320,123,97.41421501288542,0.1762114537444934,0.384375,0.30441942191526694
2019-07-06,AdWords,6199,1235,343,401.820738505221,0.1992256815615422,0.2777327935222672,0.3253609218665757
2019-07-07,AdWords,7307,584,195,339.8671496641622,0.079923361160531,0.3339041095890411,0.5819642973701408
2019-07-08,AdWords,7174,683,55,71.6837055769833,0.09520490660719264,0.08052708638360176,0.10495418093262562
2019-07-09,AdWords,4183,615,101,212.02270965544025,0.14702366722448004,0.16422764227642275,0.3447523734234801
2019-07-10,AdWords,7727,1378,293,480.55991696792876,0.1783357059660929,0.21262699564586357,0.34873724017991925
2019-07-11,AdWords,3773,462,121,275.1805155695905,0.12244897959183673,0.2619047619047619,0.5956288215792003
2019-07-12,AdWords,7500,632,44,244.7281112088671,0.08426666666666667,0.06962025316455696,0.3872280240646631
2019-07-13,AdWords,645,57,6,255.96482232168228,0.08837209302325581,0.10526315789473684,4.490610917924251
2019-07-14,AdWords,5510,783,136,143.99722580232367,0.14210526315789473,0.17369093231162197,0.18390450294038782
2019-07-15,AdWords,3540,37,18,215.91822688915784,0.010451977401129943,0.4864864864864865,5.835627753761022
2019-07-16,AdWords,982,125,24,216.41596519422947,0.12729124236252545,0.192,1.7313277215538359
2019-07-17,AdWords,3679,285,76,73.55975908436258,0.07746670290839902,0.26666666666666666,0.2581044178398687
2019-07-18,AdWords,1749,281,38,395.40543283306323,0.16066323613493425,0.13523131672597866,1.407136771647912
2019-07-19,AdWords,1130,31,10,237.42699435674555,0.02743362831858407,0.3225806451612903,7.6589353018305015
2019-07-20,AdWords,9353,1138,200,419.9809490673905,0.12167219074093874,0.1757469244288225,0.36905180058645914
2019-07-21,AdWords,3352,339,48,432.6566005039529,0.10113365155131265,0.1415929203539823,1.2762731578287696
2019-07-22,AdWords,1487,196,55,145.39732461439613,0.13180901143241425,0.28061224489795916,0.7418230847673272
2019-07-23,AdWords,8122,181,9,345.80906697655786,0.02228515144053189,0.049723756906077346,1.9105473313621981
2019-07-24,AdWords,7827,940,50,262.5268118733418,0.12009709978280311,0.05319148936170213,0.2792838424184487
2019-07-25,AdWords,9341,1089,161,446.07053206466827,0.11658280697998073,0.14784205693296604,0.4096148136498331
2019-07-26,AdWords,9660,1125,74,147.08330562940435,0.11645962732919254,0.06577777777777778,0.13074071611502608
2019-07-27,AdWords,1600,199,19,355.0159401395199,0.124375,0.09547738693467336,1.7839996991935674
2019-07-28,AdWords,7152,990,200,323.4884550137252,0.13842281879194632,0.20202020202020202,0.32675601516537894
2019-07-29,AdWords,9132,1488,611,182.88566490732475,0.16294349540078842,0.4106182795698925,0.12290703286782577
2019-07-30,AdWords,7921,485,149,111.47040664302767,0.06122964272187855,0.30721649484536084,0.22983588998562407
2019-07-31,AdWords,5516,919,257,343.23789221477443,0.16660623640319072,0.279651795429815,0.3734906335307665
2019-08-01,AdWords,1269,132,24,382.3688561595488,0.10401891252955082,0.18181818181818182,2.8967337587844604
2019-08-02,AdWords,1843,45,21,192.0323046935075,0.024416711882799782,0.4666666666666667,4.267384548744611
2019-08-03,AdWords,4858,102,23,340.1746718100412,0.02099629477151091,0.22549019607843138,3.3350458020592275
2019-08-04,AdWords,7280,535,47,227.80890842517647,0.07348901098901099,0.08785046728971962,0.4258110437853766
2019-08-05,AdWords,7102,1130,370,370.94309747717796,0.1591101098282174,0.3274336283185841,0.3282682278559097
2019-08-06,AdWords,2849,411,41,139.6468737023239,0.14426114426114425,0.09975669099756691,0.33977341533412136
2019-08-07,AdWords,6199,990,203,450.5967511862785,0.1597031779319245,0.20505050505050504,0.4551482335214934
2019-08-08,AdWords,1741,188,52,179.33431840951087,0.10798391728891442,0.2765957446808511,0.95390594898676
2019-08-09,AdWords,1625,152,67,215.5036944902688,0.09353846153846154,0.4407894736842105,1.4177874637517685
2019-08-10,AdWords,9882,375,102,76.1413784361574,0.03794778384942319,0.272,0.20304367582975305
2019-08-11,AdWords,7264,525,192,100.18049554457437,0.07227422907488987,0.3657142857142857,0.19081999151347498
2019-08-12,AdWords,5601,517,256,282.13785622054763,0.09230494554543832,0.4951644100580271,0.5457211919159529
2019-08-13,AdWords,8343,223,24,170.41670452758717,0.02672899436653482,0.10762331838565023,0.7642004687335747
2019-08-14,AdWords,572,29,5,425.9661015839875,0.050699300699300696,0.1724137931034483,14.688486261516811
2019-08-15,AdWords,5972,738,167,56.61202489472923,0.12357669122572003,0.22628726287262874,0.07671006083296644
2019-08-16,AdWords,5689,852,204,220.59232190237128,0.14976269994726665,0.23943661971830985,0.25891117594175034
2019-08-17,AdWords,2972,593,139,201.8054960460917,0.19952893674293404,0.23440134907251264,0.3403128095212339
2019-08-18,AdWords,1207,226,103,58.69743391292047,0.1872410936205468,0.4557522123893805,0.2597231589067277
2019-08-19,AdWords,2304,304,112,105.9657795502296,0.13194444444444445,0.3684210526315789,0.3485716432573342
2019-08-20,AdWords,7204,648,209,236.13920371338588,0.08995002776235425,0.32253086419753085,0.3644123514095461
2019-08-21,AdWords,4213,551,104,271.789063001351,0.13078566342273915,0.18874773139745918,0.49326508711678946
2019-08-22,AdWords,5551,884,371,231.9303862646911,0.1592505854800937,0.41968325791855204,0.2623646903446732
2019-08-23,AdWords,2975,96,46,288.9219552854422,0.03226890756302521,0.4791666666666667,3.009603700890023
2019-08-24,AdWords,4110,361,151,317.8092537075567,0.0878345498783455,0.4182825484764543,0.8803580435112374
2019-08-25,AdWords,4755,806,40,54.46571950752603,0.16950578338590958,0.04962779156327544,0.06757533437658317
2019-08-26,AdWords,7897,654,219,258.84282175407674,0.08281625933898949,0.3348623853211009,0.3957841311224415
2019-08-27,AdWords,2235,265,19,483.5746583994147,0.1185682326621924,0.07169811320754717,1.8248100316959046
2019-08-28,AdWords,8758,1065,176,283.5645260582969,0.12160310573190226,0.1652582159624413,0.2662577709467577
2019-08-29,AdWords,8479,381,29,354.8940203565289,0.04493454416794433,0.07611548556430446,0.9314803683898397
2019-08-30,AdWords,2928,230,73,190.33873606259743,0.07855191256830601,0.3173913043478261,0.8275597220112932
2019-08-31,AdWords,7926,583,209,398.29612016874313,0.07355538733282867,0.3584905660377358,0.6831837395690277
2019-09-01,AdWords,9033,135,13,397.8146668442518,0.014945200929923613,0.0962962962962963,2.9467753099574208
2019-09-02,AdWords,5749,83,18,284.5832214443625,0.014437293442337799,0.21686746987951808,3.4287135113778615
2019-09-03,AdWords,5791,973,248,489.2062204756461,0.1680193403557244,0.25488180883864336,0.5027813160078582
2019-09-04,AdWords,3317,205,44,106.49759664319402,0.0618028338860416,0.2146341463414634,0.5195004714302147
2019-09-05,AdWords,9924,1076,112,57.62644920031145,0.10842402257154374,0.10408921933085502,0.0535561795541928
2019-09-06,AdWords,4374,291,69,396.5711952906932,0.06652949245541838,0.23711340206185566,1.3627876126827945
2019-09-07,AdWords,4711,889,344,413.21999181419716,0.1887072808320951,0.38695163104611924,0.4648143889923478
2019-09-08,AdWords,1161,68,5,104.0932531042593,0.05857019810508183,0.07352941176470588,1.5307831338861662
2019-09-09,AdWords,3874,354,30,169.51227483137274,0.09137842023748063,0.0847457627118644,0.4788482339869286
2019-09-10,AdWords,9708,1706,357,57.89856351498301,0.1757313555830243,0.20926143024618993,0.033938196667633654
2019-09-11,AdWords,707,120,56,181.9888748512541,0.16973125884016974,0.4666666666666667,1.5165739570937842
2019-09-12,AdWords,3165,143,50,397.91384326340216,0.04518167456556082,0.34965034965034963,2.78261428855526
2019-09-13,AdWords,2993,486,172,283.0822374706605,0.16237888406281323,0.35390946502057613,0.5824737396515648
2019-09-14,AdWords,7313,709,150,206.64301692572963,0.0969506358539587,0.21156558533145275,0.2914570055369952
2019-09-15,AdWords,1132,115,36,217.28268270784864,0.10159010600706714,0.3130434782608696,1.889414632242162
2019-09-16,AdWords,3583,126,6,50.60913157196067,0.035166061959252023,0.047619047619047616,0.4016597743806402
2019-09-17,AdWords,4219,106,35,184.91023740435617,0.025124437070395828,0.330188679245283,1.7444362019278883
2019-09-18,AdWords,7623,1130,520,340.9064337370687,0.14823560278105732,0.46017699115044247,0.3016871095018307
2019-09-19,AdWords,2179,227,73,488.3874997173607,0.104176227627352,0.32158590308370044,2.151486782895862
2019-09-20,AdWords,736,68,30,431.1773721427548,0.09239130434782608,0.4411764705882353,6.340843707981688
2019-09-21,AdWords,7946,1180,443,60.617734090488106,0.14850239114019634,0.37542372881355934,0.05137096109363399
2019-09-22,AdWords,4943,768,80,454.3522721036777,0.1553712320453166,0.10416666666666667,0.5916045209683304
2019-09-23,AdWords,7270,292,133,402.4392859843817,0.040165061898211826,0.4554794520547945,1.3782167328232249
2019-09-24,AdWords,6599,831,66,401.1692556069412,0.12592817093499015,0.07942238267148015,0.4827548202249593
2019-09-25,AdWords,9055,323,93,256.0980915516071,0.03567090005521811,0.28792569659442724,0.792873348456988
2019-09-26,AdWords,2868,438,49,229.10238182952628,0.15271966527196654,0.11187214611872145,0.5230647986975486
2019-09-27,AdWords,785,105,5,186.31207797493667,0.1337579617834395,0.047619047619047616,1.7744007426184445
2019-09-28,AdWords,648,124,29,79.5626865294646,0.19135802469135801,0.23387096774193547,0.6416345687860049
2019-09-29,AdWords,4537,104,19,152.7059135721646,0.022922636103151862,0.18269230769230768,1.4683260920400443
2019-09-30,AdWords,7049,146,39,160.97163574011108,0.02071215775287275,0.2671232876712329,1.1025454502747334
2019-10-01,AdWords,7621,484,149,267.8346813695907,0.06350872588899095,0.30785123966942146,0.5533774408462618
2019-10-02,AdWords,5395,322,22,386.3499829685123,0.05968489341983318,0.06832298136645963,1.1998446676040755
2019-10-03,AdWords,5780,329,34,263.21442277907596,0.05692041522491349,0.1033434650455927,0.8000438382342734
2019-10-04,AdWords,1512,275,82,76.03000225122227,0.1818783068783069,0.29818181818181816,0.2764727354589901
2019-10-05,AdWords,3285,188,38,481.00541044469173,0.05722983257229833,0.20212765957446807,2.5585394172589986
2019-10-06,AdWords,4225,260,98,474.2259435923505,0.06153846153846154,0.3769230769230769,1.823945936893656
2019-10-07,AdWords,5076,783,268,403.33529441678377,0.15425531914893617,0.34227330779054915,0.5151153185399537
2019-10-08,AdWords,6282,599,257,496.0975557038993,0.0953517987901942,0.4290484140233723,0.8282096088545898
2019-10-09,AdWords,6757,1064,384,295.0170497601183,0.15746633121207637,0.3609022556390977,0.2772716633083819
2019-10-10,AdWords,2908,65,15,483.2457576139427,0.02235213204951857,0.23076923076923078,7.43455011713758
2019-10-11,AdWords,840,86,30,84.02226827753785,0.10238095238095238,0.3488372093023256,0.9770031195062541
2019-10-12,AdWords,3317,54,9,214.55633671761709,0.016279770877298764,0.16666666666666666,3.9732654947706867
2019-10-13,AdWords,2996,65,12,151.42157060304464,0.021695594125500667,0.18461538461538463,2.329562624662225
2019-10-14,AdWords,6462,1177,476,138.1248878604215,0.1821417517796348,0.40441801189464743,0.11735334567580416
2019-10-15,AdWords,5799,211,52,113.36132700170424,0.036385583721331265,0.24644549763033174,0.5372574739417263
2019-10-16,AdWords,8074,897,367,330.0861387046985,0.11109734951696805,0.40914158305462656,0.36798900635975307
2019-10-17,AdWords,2189,192,80,401.5948350862873,0.0877112836911832,0.4166666666666667,2.091639766074413
2019-10-18,AdWords,3767,286,124,310.2342797391623,0.07592248473586408,0.43356643356643354,1.0847352438432247
2019-10-19,AdWords,4906,887,410,116.13321931469436,0.18079902160619649,0.46223224351747466,0.1309280939286295
2019-10-20,AdWords,8953,126,30,415.00569647006193,0.014073494917904612,0.23809523809523808,3.29369600373065
2019-10-21,AdWords,1942,264,51,336.17961822367783,0.13594232749742532,0.19318181818181818,1.2734076447866585
2019-10-22,AdWords,9097,1756,547,224.674567757148,0.19303066945146752,0.311503416856492,0.12794679257240774
2019-10-23,AdWords,4937,574,124,353.3586329912283,0.11626493822159206,0.21602787456445993,0.6156073745491782
2019-10-24,AdWords,5935,1115,357,166.95724065927476,0.18786857624262848,0.3201793721973094,0.1497374355688563
2019-10-25,AdWords,8935,178,65,205.33649382239471,0.019921656407386683,0.3651685393258427,1.1535758079909815
2019-10-26,AdWords,4607,412,148,462.8686294093956,0.0894291295854135,0.3592233009708738,1.1234675471101836
2019-10-27,AdWords,1060,62,13,180.72702755213916,0.05849056603773585,0.20967741935483872,2.914952057292567
2019-10-28,AdWords,9285,1382,172,261.4947206710715,0.14884221863220248,0.12445730824891461,0.18921470381408936
2019-10-29,AdWords,6048,1188,289,450.5635118282066,0.19642857142857142,0.24326599326599327,0.3792622153436082
2019-10-30,AdWords,2326,136,15,368.47460762038736,0.058469475494411005,0.11029411764705882,2.7093721148557894
2019-10-31,AdWords,8129,1091,491,77.99145177411624,0.13421085004305572,0.45004582951420713,0.07148620694236135
2019-11-01,AdWords,8825,420,86,116.28636992553665,0.04759206798866856,0.20476190476190476,0.2768723093465158
2019-11-02,AdWords,3638,427,51,53.52871584736257,0.11737218251786696,0.11943793911007025,0.12535999027485378
2019-11-03,AdWords,8193,804,49,333.9148056031235,0.09813255217868913,0.060945273631840796,0.4153169223919447
2019-11-04,AdWords,8764,1706,581,251.45304143468826,0.19465997261524418,0.34056271981242675,0.14739334198985243
2019-11-05,AdWords,8342,1047,352,110.423682906024,0.1255094701510429,0.3361986628462273,0.10546674585102579
2019-11-06,AdWords,7221,551,112,481.0703544755467,0.07630522088353414,0.20326678765880218,0.8730859427868362
2019-11-07,AdWords,7502,237,19,288.34687577552893,0.03159157557984538,0.08016877637130802,1.2166534842849321
2019-11-08,AdWords,4725,183,42,158.85198235080014,0.03873015873015873,0.22950819672131148,0.8680436194032795
2019-11-09,AdWords,3478,183,34,275.2716070196184,0.05261644623346751,0.18579234972677597,1.5042164318011935
2019-11-10,AdWords,7873,454,161,355.8291497307985,0.057665438841610565,0.35462555066079293,0.7837646469841377
2019-11-11,AdWords,6407,1099,354,84.30764808810402,0.17153113781801155,0.3221110100090992,0.076713055585172
2019-11-12,AdWords,6597,769,164,173.6167167715514,0.11656813703198424,0.21326397919375814,0.2257694626418094
2019-11-13,AdWords,6156,673,99,413.13447089779714,0.10932423651721897,0.14710252600297177,0.6138699418986585
2019-11-14,AdWords,9484,301,148,256.84919168119757,0.03173766343315057,0.49169435215946844,0.8533195736916863
2019-11-15,AdWords,4759,825,209,295.9597139145327,0.17335574700567347,0.25333333333333335,0.3587390471691305
2019-11-16,AdWords,8786,1294,465,244.76720099426117,0.14727976325973138,0.35935085007727974,0.18915548763080461
2019-11-17,AdWords,6401,146,16,69.75497418935231,0.02280893610373379,0.1095890410958904,0.4777737958174816
2019-11-18,AdWords,9825,1419,381,124.58740091907016,0.14442748091603053,0.26849894291754756,0.08779943687038066
2019-11-19,AdWords,5417,613,38,250.4937374338509,0.11316226693741924,0.06199021207177814,0.40863578700465075
2019-11-20,AdWords,8929,227,62,144.1334594335675,0.025422779706574083,0.27312775330396477,0.6349491605002974
2019-11-21,AdWords,3030,294,142,72.49056289685544,0.09702970297029703,0.48299319727891155,0.24656654046549467
2019-11-22,AdWords,2460,251,55,429.6423488233207,0.10203252032520325,0.21912350597609562,1.7117225052721938
2019-11-23,AdWords,7545,313,21,491.53663812385213,0.04148442677269715,0.0670926517571885,1.570404594644895
2019-11-24,AdWords,1548,293,18,406.91429329853275,0.1892764857881137,0.06143344709897611,1.3887859839540366
2019-11-25,AdWords,6272,1075,241,434.2032147671002,0.17139668367346939,0.2241860465116279,0.40390996722520944
2019-11-26,AdWords,3029,415,50,158.88970864267043,0.13700891383294816,0.12048192771084337,0.3828667678136637
2019-11-27,AdWords,3464,338,20,482.28213898093986,0.09757505773672055,0.05917159763313609,1.4268702336714196
2019-11-28,AdWords,7637,673,262,138.6165670040428,0.08812360874689014,0.38930163447251115,0.20596815305206953
2019-11-29,AdWords,1463,195,49,478.1434146628245,0.13328776486671223,0.2512820512820513,2.4520175110914075
2019-11-30,AdWords,1036,117,21,497.66868228467797,0.11293436293436293,0.1794871794871795,4.253578481065624
2019-12-01,AdWords,7840,171,77,370.2752625857219,0.02181122448979592,0.4502923976608187,2.1653524127819996
2019-12-02,AdWords,7679,824,84,491.51467930631986,0.10730563875504623,0.10194174757281553,0.5964983972164076
2019-12-03,AdWords,8467,1381,663,306.29290080519667,0.16310381481044053,0.48008689355539463,0.22179065952584842
2019-12-04,AdWords,9234,898,171,166.79380242924066,0.09724929607970544,0.19042316258351893,0.18573920092343058
2019-12-05,AdWords,1345,26,11,246.6481485495294,0.019330855018587362,0.4230769230769231,9.486467251904976
2019-12-06,AdWords,6277,1000,321,317.10242092045365,0.15931177314003506,0.321,0.31710242092045365
2019-12-07,AdWords,3536,170,71,82.88670291215675,0.04807692307692308,0.4176470588235294,0.4875688406597456
2019-12-08,AdWords,6447,381,187,330.05446907776076,0.05909725453699395,0.49081364829396323,0.8662846957421542
2019-12-09,AdWords,2994,123,22,491.53002654303253,0.041082164328657314,0.17886178861788618,3.9961790775856305
2019-12-10,AdWords,3219,234,112,135.54844240267744,0.07269338303821063,0.47863247863247865,0.5792668478746898
2019-12-11,AdWords,2384,366,82,406.6678023297725,0.1535234899328859,0.22404371584699453,1.1111142140157717
2019-12-12,AdWords,4849,527,117,458.5544572008287,0.10868220251598268,0.222011385199241,0.8701223096789918
2019-12-13,AdWords,5679,277,56,474.6657167690994,0.04877619299172389,0.20216606498194944,1.71359464537581
2019-12-14,AdWords,7110,1256,368,482.0610219824512,0.17665260196905766,0.2929936305732484,0.383806546164372
2019-12-15,AdWords,6930,1227,146,284.6568374246624,0.17705627705627705,0.11898940505297473,0.2319941625302872
2019-12-16,AdWords,7654,1342,401,489.78855859617664,0.17533315913247974,0.29880774962742174,0.36496911966928214
2019-12-17,AdWords,6988,386,113,390.7895932104975,0.055237550085861474,0.2927461139896373,1.0124082725660557
2019-12-18,AdWords,5237,501,196,122.75214630663285,0.09566545732289479,0.3912175648702595,0.24501426408509552
2019-12-19,AdWords,7025,1384,588,264.6050479105865,0.19701067615658363,0.42485549132947975,0.1911886184325047
2019-12-20,AdWords,4350,681,169,373.2490289174018,0.15655172413793103,0.24816446402349487,0.5480896166187985
2019-12-21,AdWords,1189,18,3,161.30314211858752,0.015138772077375946,0.16666666666666666,8.961285673254862
2019-12-22,AdWords,5675,127,21,338.2768325969993,0.02237885462555066,0.16535433070866143,2.6635971070629867
2019-12-23,AdWords,9148,897,123,349.97021557097867,0.09805421950153038,0.13712374581939799,0.3901563161326407
2019-12-24,AdWords,5578,1019,77,123.21488471385464,0.1826819648619577,0.07556427870461237,0.12091745310486227
2019-12-25,AdWords,5948,668,136,304.28839060374037,0.11230665770006724,0.20359281437125748,0.4555215428199706
2019-12-26,AdWords,1679,175,30,397.23210994037345,0.1042287075640262,0.17142857142857143,2.269897771087848
2019-12-27,AdWords,9574,287,139,274.5030490411739,0.029977021098809276,0.4843205574912892,0.9564566168682017
2019-12-28,AdWords,6906,930,279,55.44640254924834,0.13466550825369245,0.3,0.059619787687363805
2019-12-29,AdWords,9091,1510,311,54.06731108568148,0.16609833901660984,0.20596026490066224,0.03580616628190827
2019-12-30,AdWords,7407,609,189,210.66320478650547,0.08221952207371405,0.3103448275862069,0.3459165924244753
2019-12-31,AdWords,9300,1463,164,466.7873307943019,0.15731182795698925,0.11209842788790157,0.3190617435367751
